{"TS1": [{"intrinsic": {"__ndarray__": [1500.9799492788811, 1495.9003438753227, 1030.7205375378683, 1045.5236081955522], "dtype": "float64", "shape": [4]}, "res_w": 2048, "res_h": 2048}], "TS2": [{"intrinsic": {"__ndarray__": [1500.8605847627498, 1495.8994125542592, 1030.7210310766873, 1045.5235756917198], "dtype": "float64", "shape": [4]}, "res_w": 2048, "res_h": 2048}], "TS3": [{"intrinsic": {"__ndarray__": [1493.0169231973466, 1495.7220938482521, 1021.9302353498579, 1069.9068786386795], "dtype": "float64", "shape": [4]}, "res_w": 2048, "res_h": 2048}], "TS4": [{"intrinsic": {"__ndarray__": [1492.4964211490396, 1490.0239074933459, 1013.9198555554226, 987.332492684269], "dtype": "float64", "shape": [4]}, "res_w": 2048, "res_h": 2048}], "TS5": [{"intrinsic": {"__ndarray__": [1494.751093087024, 1498.4098509691555, 996.1297923326164, 1009.3103287004742], "dtype": "float64", "shape": [4]}, "res_w": 2048, "res_h": 2048}], "TS6": [{"intrinsic": {"__ndarray__": [1132.8454726004886, 1132.5149281839203, 933.8571053118252, 576.3980582579932], "dtype": "float64", "shape": [4]}, "res_w": 1920, "res_h": 1080}], "TS7": [{"intrinsic": {"__ndarray__": [1103.8105659586838, 1101.450236791744, 942.2364413741751, 528.3335315403131], "dtype": "float64", "shape": [4]}, "res_w": 1920, "res_h": 1080}], "TS8": [{"intrinsic": {"__ndarray__": [1123.8970261035088, 1121.6128547290284, 953.0105789807833, 521.4528992516214], "dtype": "float64", "shape": [4]}, "res_w": 1920, "res_h": 1080}], "TS9": [{"intrinsic": {"__ndarray__": [1103.5365554667687, 1101.450354911498, 942.105026757321, 528.3335272771702], "dtype": "float64", "shape": [4]}, "res_w": 1920, "res_h": 1080}], "TS10": [{"intrinsic": {"__ndarray__": [1103.802134740414, 1101.4509428236727, 941.9484164760886, 528.3336052695937], "dtype": "float64", "shape": [4]}, "res_w": 1920, "res_h": 1080}], "TS11": [{"intrinsic": {"__ndarray__": [1114.3884708175303, 1112.8719381062135, 965.7885096353243, 497.12171949365967], "dtype": "float64", "shape": [4]}, "res_w": 1920, "res_h": 1080}], "TS12": [{"intrinsic": {"__ndarray__": [1113.6840903858147, 1114.1954171009895, 924.1013058194874, 513.2677519265864], "dtype": "float64", "shape": [4]}, "res_w": 1920, "res_h": 1080}], "TS13": [{"intrinsic": {"__ndarray__": [1102.1600498245136, 1103.2677652946732, 984.1041281827166, 507.5564578849272], "dtype": "float64", "shape": [4]}, "res_w": 1920, "res_h": 1080}], "TS14": [{"intrinsic": {"__ndarray__": [1124.119473712715, 1121.6112076685376, 952.831311322105, 521.4525247780649], "dtype": "float64", "shape": [4]}, "res_w": 1920, "res_h": 1080}], "TS15": [{"intrinsic": {"__ndarray__": [1100.8391573135282, 1101.978920346303, 964.8252264269842, 503.46923142354683], "dtype": "float64", "shape": [4]}, "res_w": 1920, "res_h": 1080}], "TS16": [{"intrinsic": {"__ndarray__": [1137.9504563337387, 1138.332582310877, 945.7841549055345, 511.14931758721417], "dtype": "float64", "shape": [4]}, "res_w": 1920, "res_h": 1080}], "TS17": [{"intrinsic": {"__ndarray__": [1137.8203133580198, 1138.3319658637479, 945.7886150698768, 511.14915322116315], "dtype": "float64", "shape": [4]}, "res_w": 1920, "res_h": 1080}], "TS18": [{"intrinsic": {"__ndarray__": [1191.8365301432216, 1190.9720764607541, 907.0356835221816, 579.7367279637436], "dtype": "float64", "shape": [4]}, "res_w": 1920, "res_h": 1080}], "TS19": [{"intrinsic": {"__ndarray__": [1103.689283995902, 1103.2831108425546, 980.0625785655135, 499.8267111030015], "dtype": "float64", "shape": [4]}, "res_w": 1920, "res_h": 1080}], "TS20": [{"intrinsic": {"__ndarray__": [1191.8378621424363, 1190.9735951379007, 907.0354654383593, 579.7371596804576], "dtype": "float64", "shape": [4]}, "res_w": 1920, "res_h": 1080}]}